task_id,deliverable_text,deliverable_files,status
19403010-3e5c-494e-a6d3-13594e99f6af,"## ðŸ“Š **XR Retailer 2023 Sales Performance Analysis - Complete**

### âœ… **Excel Output Created Successfully**

**File Location:** `/Users/bayramannakov/GH/ychack-emergent-dealiq/backend/19403010-3e5c-494e-a6d3-13594e99f6af_output.xlsx`

**Sheet Name:** ""XR Retailer 2023 Analysis""

---

## ðŸ“‹ **Report Contents**

### **SECTION 1: OVERALL BUSINESS**
- **Total Makeup Sales 2023:** $20,297.7K
- **Total Makeup Sales 2022:** $20,921.2K  
- **YoY Change:** -$623.5K (-3.0%)
- All metrics calculated with Excel formulas

### **SECTION 2: DISCONTINUED SKUs - RISK TO 2024**
- **Ongoing SKUs (05/06):** $16,678.6K (82.2% of total)
- **Discontinued SKUs (07/08):** $3,574.7K (17.6% of total)
- **Critical Risk:** Nearly 18% of 2023 revenue came from discontinued products

### **SECTION 3: TOP VOLUME DRIVERS**
Top 3 functions by 2023 sales volume:
1. **MASCARAS WASHABLE** - $6,021.9K (29.7% of total)
2. **LIQUID FOUNDATIONS** - $3,477.4K (17.1% of total)
3. **OTHER EYELINERS** - $1,760.1K (8.7% of total)

Combined: $11,259.4K (55.5% of total business)

### **SECTION 4: LARGEST VOLUME INCREASES**
Top 3 growth drivers:
1. **STICK LIPSTICKS** - +$246.2K (+26.9%)
2. **CONCEALERS** - +$178.4K (+22.8%)
3. **LIQUID EYELINERS** - +$166.7K (+112.6%)

### **SECTION 5: LARGEST VOLUME DETRACTORS**
Top 3 declining categories:
1. **MASCARAS WASHABLE** - -$416.3K (-6.5%)
2. **LIQUID FOUNDATIONS** - -$252.3K (-6.8%)
3. **LIP LINERS** - -$250.7K (-48.2%)

---

## ðŸ” **Key Insights**

### **1. Data Quality Assessment**
- âœ… **100% complete dataset:** 1,057 SKU records analyzed
- âœ… **33 unique functions** across 50 brands
- âœ… Full year comparison: 2023 vs 2022

### **2. Business Health**
- âš ï¸ **Overall decline:** -3.0% YoY ($623.5K loss)
- âš ï¸ **61% of categories** (20 functions) in decline
- âœ… **33% of categories** (11 functions) showing growth
- ðŸ“ˆ **Growth momentum:** +$904.3K from increasing categories
- ðŸ“‰ **Decline impact:** -$1,527.8K from declining categories

### **3. Portfolio Risk**
- ðŸš¨ **High discontinuation risk:** 61.8% of SKUs (653) have status 07/08
- ðŸš¨ **Revenue at risk:** $3,574.7K (17.6%) from discontinued products
- ðŸš¨ **Function-level exposure:** 18 functions have >10% disco exposure
  - CREAM FOUNDATIONS: 100% disco
  - EYEBROW PENCILS: 100% disco  
  - HIGHLIGHTERS POWDERS: 100% disco

---

## ðŸ’¡ **Prioritized Recommendations**

### **PRIORITY 1 - IMMEDIATE ACTION (Q1 2024)**

#### **1. Stem the Decline in Top Categories**
- **MASCARAS WASHABLE** (largest detractor: -$416.3K, -6.5%)
  - Conduct deep SKU-level performance analysis
  - Review competitive pricing and promotional strategy
  - Address $1,092.7K in discontinued product gap (18.1% of function)
  - Accelerate innovation pipeline

- **LIQUID FOUNDATIONS** (2nd largest detractor: -$252.3K, -6.8%)
  - 23.3% of function ($808.8K) from discontinued SKUs
  - Launch replacement products immediately
  - Strengthen merchandising and display positioning

#### **2. Address Discontinued SKU Gap**
- **Total gap:** $3,574.7K must be replaced in 2024
- **Top 3 priorities:**
  1. MASCARAS WASHABLE: $1,092.7K to replace
  2. LIQUID FOUNDATIONS: $808.8K to replace
  3. CONCEALERS: $522.4K to replace
- Build 90-day action plan for new product launches

### **PRIORITY 2 - CAPITALIZE ON MOMENTUM (Q1-Q2 2024)**

#### **3. Double Down on Growth Categories**
- **STICK LIPSTICKS** (+26.9% growth)
  - Increase inventory allocation by 30%
  - Expand distribution to capture market demand
  - Launch 2-3 new shade families
  
- **LIQUID EYELINERS** (+112.6% growth - strongest performer!)
  - Maximize shelf space
  - Add premium/innovation SKUs
  - Implement cross-merchandising strategy

- **CONCEALERS** (+22.8% growth)
  - Note: 54.4% of sales from discontinued SKUs - replacement urgency!
  - Launch next-generation formulas
  - Expand shade range

### **PRIORITY 3 - STRATEGIC PLANNING (H1 2024)**

#### **4. Portfolio Optimization**
- Conduct comprehensive SKU rationalization across all 33 functions
- Eliminate bottom 10% performers in declining categories
- Reallocate resources to high-growth, high-margin functions
- Target portfolio reduction of 15-20% in non-strategic SKUs

#### **5. 2024 Risk Mitigation**
- Build contingency plan for $3.6M discontinued revenue
- Accelerate innovation calendar by 60-90 days
- Strengthen competitive positioning in stable categories (OTHER EYELINERS, MASCARAS WATERPROOF)
- Establish quarterly business reviews to track recovery progress

---

## ðŸ“ˆ **Excel File Features**

### **Professional Formatting:**
- âœ… **73 Excel formulas** (not hardcoded values) for dynamic calculations
- âœ… **Currency formatting:** $#,##0.0 for all dollar values
- âœ… **Percentage formatting:** 0.0% for all percentages
- âœ… **Color-coded sections:** Headers with professional blue background
- âœ… **Total rows:** Bold formatting with gray background
- âœ… **Optimized column widths** for readability
- âœ… **Executive-ready presentation** on single sheet

### **Formula Examples:**
- `% Change: =(B5-C5)/C5`
- `$ Change: =B5-C5`
- `% to Total: =B14/$B$6`
- `% Disco: =H14/B14`
- All totals use `=SUM()` functions

---

## ðŸŽ¯ **Next Steps for Account Director**

1. **Week 1:** Present findings to XR buying team
2. **Week 2:** Conduct SKU-level deep dive on MASCARAS WASHABLE and LIQUID FOUNDATIONS
3. **Week 3:** Submit innovation roadmap for discontinued SKU replacements
4. **Week 4:** Finalize Q1 2024 promotional calendar with focus on growth categories
5. **Ongoing:** Monthly tracking of discontinued SKU replacement progress

---

**Analysis prepared by:** DealIQ Sales Analytics  
**Date:** January 2024  
**Data Source:** XR Retailer Full Year 2023 Makeup Category Sales Data",['deliverable_files/19403010-3e5c-494e-a6d3-13594e99f6af_output.xlsx'],completed
